[{"model": "core.card", "pk": 7, "fields": {"question": "If cattle are bovine, what are sheep?", "answer": "Ovine", "author": 6, "slug": "if-cattle-are-bovine-what-are-sheep", "categories": [7], "decks": [12, 25, 10, 14, 16, 18, 20, 22, 23, 27, 29], "owners": [2, 3, 4, 6, 7, 8]}}, {"model": "core.card", "pk": 8, "fields": {"question": "How many reindeer does Santa have?", "answer": "Nine (including Rudolph)", "author": 10, "slug": "how-many-reindeer-does-santa-have", "categories": [6], "decks": [9, 10, 13, 14, 17, 18, 21, 22, 23, 26, 27], "owners": [1, 3, 4, 5, 6, 9, 10]}}, {"model": "core.card", "pk": 9, "fields": {"question": "Which French term literally means \"Fat Tuesday\"?", "answer": "Mardi Gras", "author": 2, "slug": "which-french-term-literally-means-fat-tuesday", "categories": [3], "decks": [12, 25, 13, 14, 18, 19, 20, 23, 26, 27, 28, 29], "owners": [2, 3, 6, 8, 9, 10]}}, {"model": "core.card", "pk": 10, "fields": {"question": "What is Krusty the Clown's father's profession?", "answer": "Rabbi", "author": 12, "slug": "what-is-krusty-the-clowns-fathers-profession", "categories": [1], "decks": [9, 25, 10, 15, 16, 17, 18, 24, 26, 27, 28, 29], "owners": [2, 3, 5, 6, 7, 10, 11, 12]}}, {"model": "core.card", "pk": 11, "fields": {"question": "Which US state is nicknamed the \"Wolverine State\"?", "answer": "Michigan", "author": 4, "slug": "which-us-state-is-nicknamed-the-wolverine-state", "categories": [13], "decks": [12, 25, 13, 14, 15, 16, 22, 23, 24, 26, 27], "owners": [4, 7, 8, 10, 11]}}, {"model": "core.card", "pk": 12, "fields": {"question": "Which is the most densely populated country?", "answer": "Monaco", "author": 1, "slug": "which-is-the-most-densely-populated-country", "categories": [13], "decks": [9, 12, 25, 10, 11, 13, 14, 21, 22, 24, 26, 27], "owners": [1, 4, 11, 12]}}, {"model": "core.card", "pk": 13, "fields": {"question": "In Australian slang, what food is a mystery bag?", "answer": "Sausage", "author": 8, "slug": "in-australian-slang-what-food-is-a-mystery-bag", "categories": [6], "decks": [9, 12, 25, 10, 11, 20, 21, 22, 23, 24, 26, 27, 28, 29], "owners": [8]}}, {"model": "core.card", "pk": 14, "fields": {"question": "What year was Hudson\u2019s Bay Company founded?", "answer": "1670", "author": 9, "slug": "what-year-was-hudsons-bay-company-founded", "categories": [4], "decks": [9, 25, 10, 19, 20, 21, 22, 23, 24, 26, 27, 28, 29], "owners": [7, 9, 10, 12]}}, {"model": "core.card", "pk": 15, "fields": {"question": "What capital is on the shores of Chesapeake Bay?", "answer": "Annapolis", "author": 3, "slug": "what-capital-is-on-the-shores-of-chesapeake-bay", "categories": [13], "decks": [12, 25, 11, 15, 16, 19, 20, 24, 28, 29], "owners": [3]}}, {"model": "core.card", "pk": 16, "fields": {"question": "What is the Darlington Raceway also known as?", "answer": "The Track Too Tough to Tame", "author": 11, "slug": "what-is-the-darlington-raceway-also-known-as", "categories": [6], "decks": [9, 10, 11, 12, 13, 14, 15, 16, 23, 28, 29], "owners": [2, 5, 6, 7, 10, 11]}}, {"model": "core.card", "pk": 17, "fields": {"question": "What is philately the study of?", "answer": "Stamps", "author": 7, "slug": "what-is-philately-the-study-of", "categories": [6], "decks": [9, 10, 11, 17, 18, 19, 20, 21, 28, 29], "owners": [2, 3, 7, 8, 10]}}, {"model": "core.card", "pk": 18, "fields": {"question": "What is another name for the disease Varicella?", "answer": "Chickenpox", "author": 5, "slug": "what-is-another-name-for-the-disease-varicella", "categories": [7], "decks": [9, 12, 13, 17, 18, 19, 22, 23, 24, 29], "owners": [5, 6, 8, 10, 12]}}, {"model": "core.card", "pk": 19, "fields": {"question": "What is a group of whales commonly called?", "answer": "A pod", "author": 6, "slug": "what-is-a-group-of-whales-commonly-called", "categories": [7], "decks": [9, 14, 16, 21, 26, 27, 29], "owners": [4, 6, 7, 8, 9]}}, {"model": "core.card", "pk": 20, "fields": {"question": "Downy, Hairy and Pileated are species of what bird?", "answer": "Woodpecker", "author": 1, "slug": "downy-hairy-and-pileated-are-species-of-what-bird", "categories": [7], "decks": [17, 19, 15], "owners": [3, 4, 6, 11, 12]}}, {"model": "core.card", "pk": 21, "fields": {"question": "What is LP Field also known as?", "answer": "The Woodshed", "author": 2, "slug": "what-is-lp-field-also-known-as", "categories": [6], "decks": [17, 19, 15], "owners": [1, 2, 6, 9]}}, {"model": "core.card", "pk": 22, "fields": {"question": "Macrophobia is the fear of what?", "answer": "Long waits", "author": 3, "slug": "macrophobia-is-the-fear-of-what", "categories": [6], "decks": [17, 19, 15], "owners": [11, 9, 10, 3]}}, {"model": "core.card", "pk": 23, "fields": {"question": "In Norse mythology Odin traded an eye for what?", "answer": "Wisdom", "author": 8, "slug": "in-norse-mythology-odin-traded-an-eye-for-what", "categories": [3], "decks": [17, 15], "owners": [9, 2, 11]}}, {"model": "core.card", "pk": 24, "fields": {"question": "Who is the Greek counterpart to Cupid?", "answer": "Eros", "author": 9, "slug": "who-is-the-greek-counterpart-to-cupid", "categories": [4], "decks": [17, 19, 15], "owners": [9, 2, 6, 7]}}, {"model": "core.card", "pk": 27, "fields": {"question": "WHo got any sleep?!?", "answer": "noone.", "author": 2, "slug": "who-got-any-sleep", "categories": [], "decks": [], "owners": [2]}}, {"model": "core.deck", "pk": 9, "fields": {"title": "Lasso Monkey", "slug": "lasso-monkey", "card_count": "10", "difficulty": "4", "author": 6, "date_added": "2019-04-07T22:36:09.401Z", "description": "Lorem ipsum dolor sit amet, ius id ubique mandamus dissentiet. Saperet singulis adipiscing has te. Sit et wisi reformidans, ne probatus voluptatum mei, dicam dissentiet ea mei. Animal sensibus tincidunt te his, iisque definiebas qui ad.", "owners": [2, 6, 8]}}, {"model": "core.deck", "pk": 10, "fields": {"title": "Cherry Dot", "slug": "cherry-dot", "card_count": "10", "difficulty": "5", "author": 10, "date_added": "2019-04-07T22:37:11.106Z", "description": "Lorem ipsum dolor sit amet, epicuri fierent legendos et eam, argumentum philosophia ut nec. Posse essent bonorum quo an. No errem altera aliquam mel. An atqui volutpat his, iisque placerat omittantur ea mel. Pri eu affert mandamus necessitatibus, id has eruditi fastidii, purto quidam est et. Ex esse mentitum voluptaria eam, pro etiam numquam albucius id, libris gloriatur sea id.", "owners": [3, 5, 11]}}, {"model": "core.deck", "pk": 11, "fields": {"title": "Swollen Gems", "slug": "swollen-gems", "card_count": "10", "difficulty": "1", "author": 2, "date_added": "2019-04-07T22:38:02.492Z", "description": "Lorem ipsum dolor sit amet, ei persius insolens molestiae usu, omittam laboramus ea pri. Alii suas intellegam te est. No brute vocent aperiam eum. Nec vocent aeterno sanctus no, an quo assum expetenda, cu vel viderer graecis verterem. At dolorem senserit expetendis est, homero admodum repudiare ea his. Sumo populo adversarium qui et. Brute tractatos principes et usu, quem mundi elitr ex vel.", "owners": [2, 4, 7, 8]}}, {"model": "core.deck", "pk": 12, "fields": {"title": "Fierce Backward", "slug": "fierce-backward", "card_count": "10", "difficulty": "3", "author": 12, "date_added": "2019-04-07T22:38:49.806Z", "description": "Lorem ipsum dolor sit amet, laoreet detraxit corrumpit sed ea, pri eu errem atomorum. Cum an quot alterum detraxit, quando tractatos sea no. Nullam facilisis mei in, dolore numquam quaestio cu usu. Atomorum expetendis cu nec. In commune placerat qui, ea suas summo dissentias qui, mea eu tempor tacimates complectitur.", "owners": [1, 7, 9, 12]}}, {"model": "core.deck", "pk": 13, "fields": {"title": "Accessories Ancestor", "slug": "accessories-ancestor", "card_count": "10", "difficulty": "4", "author": 4, "date_added": "2019-04-07T22:40:55.436Z", "description": "Lorem ipsum dolor sit amet, pri rebum mediocrem inciderint at. Causae malorum pro an. Nec dico sapientem suavitate ne, ne nam dicant regione concludaturque. Eam dictas assentior ullamcorper ne, ea vim erat semper.", "owners": [1, 4, 8, 9, 11]}}, {"model": "core.deck", "pk": 14, "fields": {"title": "Union Cable", "slug": "union-cable", "card_count": "10", "difficulty": "2", "author": 1, "date_added": "2019-04-07T22:41:53.559Z", "description": "Lorem ipsum dolor sit amet, ex primis dolorum laoreet qui, at quem nisl tractatos qui, ut ridens nostro graecis cum. Sed viderer moderatius ei, vide possit efficiantur te quo. Ullum argumentum no est, adhuc verear no nam, accumsan persecuti ei nec. Vide etiam utroque cu vix, ei pri scripta scripserit, eu sit officiis euripidis complectitur. Illud detracto insolens sed in.", "owners": [1, 5, 6, 10]}}, {"model": "core.deck", "pk": 15, "fields": {"title": "Pink Encryption", "slug": "pink-encryption", "card_count": "10", "difficulty": "5", "author": 8, "date_added": "2019-04-07T22:42:41.632Z", "description": "Lorem ipsum dolor sit amet, meis latine persecuti vim an, ex pri nisl sonet consequat. Ut dolorem iudicabit iracundia pro, no sea omnis facilisis. Nibh vivendum eloquentiam no eum, ex his summo aliquip assentior. Solet iisque ceteros per ne, ex omnes homero efficiendi his, mel an porro tantas dolorem. Ignota intellegam vituperatoribus sed ea.", "owners": [3, 4, 6, 8, 9, 12]}}, {"model": "core.deck", "pk": 16, "fields": {"title": "Combatant Heavyweight", "slug": "combatant-heavyweight", "card_count": "10", "difficulty": "5", "author": 9, "date_added": "2019-04-07T22:43:19.629Z", "description": "Lorem ipsum dolor sit amet, et dicat deseruisse dissentias ius. Urbanitas concludaturque nec in. Duo clita euismod id. In est habeo apeirian, probatus maiestatis persequeris ex vim, sint tractatos corrumpit ei usu. Eum quidam voluptua at. Sed ex dico omnesque.", "owners": [3, 5, 9, 11]}}, {"model": "core.deck", "pk": 17, "fields": {"title": "Abstinent Balance", "slug": "abstinent-balance", "card_count": "10", "difficulty": "2", "author": 3, "date_added": "2019-04-07T22:44:00.633Z", "description": "Lorem ipsum dolor sit amet, duo ea modo debet temporibus, pro id invenire signiferumque. Duo in atqui exerci munere. Sed sale mollis ex, ea vis mnesarchum disputando mediocritatem. Ut sed facilisi liberavisse.", "owners": [1, 3, 6, 12]}}, {"model": "core.deck", "pk": 18, "fields": {"title": "Proposal State", "slug": "proposal-state", "card_count": "10", "difficulty": "1", "author": 11, "date_added": "2019-04-07T22:44:40.976Z", "description": "Lorem ipsum dolor sit amet, nam in prompta scripserit, nonumes percipit repudiandae ei sed. Et vix everti platonem pericula, virtute dolores ne vim, iisque detracto id vel. Ipsum labore in pro, id ludus vituperatoribus duo, nisl stet fabellas qui eu. Cibo facer officiis ut cum, erant qualisque vix ne.", "owners": [2, 6, 10, 11]}}, {"model": "core.deck", "pk": 19, "fields": {"title": "Taste Cinder", "slug": "taste-cinder", "card_count": "10", "difficulty": "1", "author": 7, "date_added": "2019-04-07T22:45:19.318Z", "description": "Lorem ipsum dolor sit amet, ei virtute sanctus fierent sit, solum salutandi his ut, eum ullum tibique sententiae ex. Mel everti hendrerit et, at labores habemus moderatius vim, natum vivendo fabellas ex has. No alia ferri nam, ridens invenire democritum sea in. Perfecto atomorum eu mel, sadipscing philosophia theophrastus ea qui. Ne pri quod invenire voluptaria, id suas torquatos sit, doming vidisse intellegebat pro et.", "owners": [4, 7, 9, 10]}}, {"model": "core.deck", "pk": 20, "fields": {"title": "Electric Gear", "slug": "electric-gear", "card_count": "10", "difficulty": "4", "author": 5, "date_added": "2019-04-07T22:45:57.946Z", "description": "Lorem ipsum dolor sit amet, sea vocent animal ad, ei vis porro aperiam corpora. Modo postea adipisci ei eos, ne munere interesset scribentur his. At quodsi aliquam adipisci est, ex sanctus suscipit invenire has. At iusto omnes labores nam, sed an assum essent recteque.", "owners": [2, 5, 6, 7]}}, {"model": "core.deck", "pk": 21, "fields": {"title": "Odd Data", "slug": "odd-data", "card_count": "10", "difficulty": "3", "author": 6, "date_added": "2019-04-07T22:46:54.245Z", "description": "Lorem ipsum dolor sit amet, enim veritus conceptam vix ne, ut sit agam melius malorum. Cum iriure consetetur vituperatoribus id, soleat ignota adipiscing an eam, est in legimus definitionem. Cum legimus contentiones te, ad has consulatu sententiae consequuntur. Te sit utamur euismod urbanitas, oratio qualisque repudiandae mea ad. Te tempor probatus sensibus duo, pro ex homero postulant.", "owners": [1, 3, 6, 10]}}, {"model": "core.deck", "pk": 22, "fields": {"title": "Apparent Farm", "slug": "apparent-farm", "card_count": "10", "difficulty": "5", "author": 10, "date_added": "2019-04-07T22:47:33.282Z", "description": "Lorem ipsum dolor sit amet, ut graecis detracto ponderum eam, at cibo atqui eum. Ad sed probo ludus suscipit, ut illum utroque ius. Eu option aeterno sea. Sit aeterno vivendum accommodare in. Debet inermis erroribus ad sea, postea delenit admodum ad qui.", "owners": [10, 12, 4]}}, {"model": "core.deck", "pk": 23, "fields": {"title": "Super Bright", "slug": "super-bright", "card_count": "10", "difficulty": "3", "author": 2, "date_added": "2019-04-07T22:48:16.697Z", "description": "Lorem ipsum dolor sit amet, pri cu etiam iudicabit, usu unum urbanitas cu, ei fabulas apeirian sententiae nam. Nec ut adolescens percipitur deterruisset, doming ancillae salutatus eos ei, lobortis periculis interesset ei sed. Accusam ocurreret duo ne. Has te sensibus facilisis voluptatum, blandit mentitum molestiae ad pro. Ubique debitis eos cu, at eum adhuc simul semper, te his magna nulla ceteros. Diam graeco perpetua duo ad. Sed munere ocurreret ne.", "owners": [1, 2, 4, 6, 7, 8, 11, 12]}}, {"model": "core.deck", "pk": 24, "fields": {"title": "Tenth Hat", "slug": "tenth-hat", "card_count": "10", "difficulty": "4", "author": 12, "date_added": "2019-04-07T22:49:25.787Z", "description": "Lorem ipsum dolor sit amet, iuvaret antiopam in mea, in indoctum temporibus nec, debet appetere nominati at eum. Sea at malis movet apeirian. Scripta nusquam fabellas ut eam. Id vel sanctus delenit moderatius, te mel tale alienum nominati. Commune iracundia reprehendunt ut has. Nec corpora gloriatur adversarium cu. Ludus quando numquam eu quo, ius et dignissim moderatius cotidieque.", "owners": [1, 3, 5, 9, 10, 11, 12]}}, {"model": "core.deck", "pk": 25, "fields": {"title": "Eventual Hands", "slug": "eventual-hands", "card_count": "10", "difficulty": "2", "author": 4, "date_added": "2019-04-07T22:50:31.520Z", "description": "Lorem ipsum dolor sit amet, ea erat everti electram mel, falli appellantur sea ad. Modus graece te sit, eos tollit nominati et, quo nisl vidit iudicabit ut. Qui mediocrem expetendis eu, at adhuc quodsi pri. Et tantas graecis nec.", "owners": [1, 2, 3, 6, 7, 9, 10]}}, {"model": "core.deck", "pk": 26, "fields": {"title": "Internal Thumb", "slug": "internal-thumb", "card_count": "10", "difficulty": "3", "author": 1, "date_added": "2019-04-07T22:51:11.637Z", "description": "Lorem ipsum dolor sit amet, id tota inimicus has, mei quaestio elaboraret ne. Ex elit duis tota cum. An tation disputando nam, id sea saepe quodsi. Forensibus suscipiantur at eos, vim ex honestatis temporibus scriptorem, et per erat persius officiis. Ex prima menandri sadipscing eos, nam at probatus appellantur, eum tollit dolorem no.", "owners": [1, 3, 5]}}, {"model": "core.deck", "pk": 27, "fields": {"title": "Primitive Hopscotch", "slug": "primitive-hopscotch", "card_count": "10", "difficulty": "1", "author": 8, "date_added": "2019-04-07T22:52:02.683Z", "description": "Lorem ipsum dolor sit amet, case ipsum prompta mel in, at cibo malis iracundia sea, ius ex utinam legendos indoctum. At noluisse appetere vel, ut labore vocibus oporteat mei. Cu doming virtute mei, ad usu sanctus salutatus patrioque. Rebum altera graeco mel an, eu vim modo tamquam maiorum, cibo aliquam his id. Dolores scaevola mnesarchum eu duo, oratio sadipscing eum ea, vis et case saepe.", "owners": [1, 7, 8, 9, 10, 12]}}, {"model": "core.deck", "pk": 28, "fields": {"title": "Blank Pineapple", "slug": "blank-pineapple", "card_count": "10", "difficulty": "5", "author": 9, "date_added": "2019-04-07T22:52:47.705Z", "description": "Lorem ipsum dolor sit amet, pro at summo aperiri definiebas, libris reprehendunt eu mei. Sea ad ipsum repudiare, qui sumo vero blandit ea. Nec diam option integre ex. Ex magna pertinax similique mea, mei ut unum posse possit. Mei ex graeco nemore deleniti, pri eleifend periculis te.", "owners": [2, 3, 4, 5, 7, 9, 10, 11, 12]}}, {"model": "core.deck", "pk": 29, "fields": {"title": "Subsonic Crabs", "slug": "subsonic-crabs", "card_count": "10", "difficulty": "5", "author": 3, "date_added": "2019-04-07T22:53:44.839Z", "description": "Lorem ipsum dolor sit amet, nonumes nominati mediocrem ad sit. Cum no amet diam corpora. Harum veniam eu est, duo ut laudem atomorum delicatissimi. Tantas nullam minimum pro ea, quando molestie philosophia cu duo.", "owners": [2, 3, 6, 7, 8, 12]}}, {"model": "core.deck", "pk": 31, "fields": {"title": "Best Rossini Overture", "slug": "best-rossini-overture", "card_count": null, "difficulty": null, "author": 2, "date_added": "2019-04-08T15:02:57.094Z", "description": "kjhdkjahdkjhaskjdnakjnd", "owners": [2]}}, {"model": "core.category", "pk": 1, "fields": {"name": "Entertainment", "slug": "entertainment"}}, {"model": "core.category", "pk": 2, "fields": {"name": "Sports", "slug": "sports"}}, {"model": "core.category", "pk": 3, "fields": {"name": "Art", "slug": "art"}}, {"model": "core.category", "pk": 4, "fields": {"name": "History", "slug": "history"}}, {"model": "core.category", "pk": 5, "fields": {"name": "Music", "slug": "music"}}, {"model": "core.category", "pk": 6, "fields": {"name": "General Knowledge", "slug": "general-knowledge"}}, {"model": "core.category", "pk": 7, "fields": {"name": "Science", "slug": "science"}}, {"model": "core.category", "pk": 8, "fields": {"name": "Literature", "slug": "literature"}}, {"model": "core.category", "pk": 9, "fields": {"name": "Mythology", "slug": "mythology"}}, {"model": "core.category", "pk": 10, "fields": {"name": "Animals", "slug": "animals"}}, {"model": "core.category", "pk": 11, "fields": {"name": "Language", "slug": "language"}}, {"model": "core.category", "pk": 12, "fields": {"name": "Food", "slug": "food"}}, {"model": "core.category", "pk": 13, "fields": {"name": "Geography", "slug": "geography"}}, {"model": "core.score", "pk": 8, "fields": {"user": 1, "card": 16, "right_answers": 1, "wrong_answers": 2}}, {"model": "core.score", "pk": 9, "fields": {"user": 1, "card": 10, "right_answers": 2, "wrong_answers": 4}}, {"model": "core.score", "pk": 10, "fields": {"user": 1, "card": 9, "right_answers": 4, "wrong_answers": 0}}, {"model": "core.score", "pk": 11, "fields": {"user": 1, "card": 17, "right_answers": 1, "wrong_answers": 2}}, {"model": "core.score", "pk": 12, "fields": {"user": 1, "card": 15, "right_answers": 4, "wrong_answers": 1}}, {"model": "core.score", "pk": 13, "fields": {"user": 1, "card": 13, "right_answers": 3, "wrong_answers": 2}}, {"model": "core.score", "pk": 14, "fields": {"user": 1, "card": 14, "right_answers": 1, "wrong_answers": 6}}, {"model": "core.score", "pk": 15, "fields": {"user": 1, "card": 7, "right_answers": 3, "wrong_answers": 0}}, {"model": "core.score", "pk": 16, "fields": {"user": 1, "card": 19, "right_answers": 1, "wrong_answers": 0}}, {"model": "core.score", "pk": 17, "fields": {"user": 1, "card": 11, "right_answers": 3, "wrong_answers": 0}}, {"model": "core.score", "pk": 18, "fields": {"user": 1, "card": 8, "right_answers": 1, "wrong_answers": 0}}, {"model": "core.score", "pk": 19, "fields": {"user": 1, "card": 18, "right_answers": 2, "wrong_answers": 0}}, {"model": "core.score", "pk": 20, "fields": {"user": 1, "card": 12, "right_answers": 4, "wrong_answers": 0}}, {"model": "core.score", "pk": 21, "fields": {"user": 6, "card": 16, "right_answers": 1, "wrong_answers": 1}}, {"model": "core.score", "pk": 22, "fields": {"user": 6, "card": 9, "right_answers": 1, "wrong_answers": 1}}, {"model": "core.score", "pk": 23, "fields": {"user": 6, "card": 7, "right_answers": 1, "wrong_answers": 1}}, {"model": "core.score", "pk": 24, "fields": {"user": 6, "card": 20, "right_answers": 2, "wrong_answers": 0}}, {"model": "core.score", "pk": 25, "fields": {"user": 6, "card": 17, "right_answers": 1, "wrong_answers": 1}}, {"model": "core.score", "pk": 26, "fields": {"user": 6, "card": 21, "right_answers": 0, "wrong_answers": 2}}, {"model": "core.score", "pk": 27, "fields": {"user": 6, "card": 12, "right_answers": 1, "wrong_answers": 1}}, {"model": "core.score", "pk": 28, "fields": {"user": 6, "card": 10, "right_answers": 1, "wrong_answers": 1}}, {"model": "core.score", "pk": 29, "fields": {"user": 6, "card": 24, "right_answers": 0, "wrong_answers": 1}}, {"model": "core.score", "pk": 30, "fields": {"user": 6, "card": 18, "right_answers": 1, "wrong_answers": 0}}, {"model": "core.score", "pk": 31, "fields": {"user": 6, "card": 19, "right_answers": 0, "wrong_answers": 1}}, {"model": "core.score", "pk": 32, "fields": {"user": 6, "card": 22, "right_answers": 1, "wrong_answers": 0}}, {"model": "core.score", "pk": 33, "fields": {"user": 6, "card": 8, "right_answers": 0, "wrong_answers": 1}}, {"model": "core.score", "pk": 34, "fields": {"user": 6, "card": 11, "right_answers": 1, "wrong_answers": 0}}, {"model": "core.score", "pk": 35, "fields": {"user": 6, "card": 14, "right_answers": 1, "wrong_answers": 0}}, {"model": "core.score", "pk": 36, "fields": {"user": 6, "card": 15, "right_answers": 1, "wrong_answers": 0}}, {"model": "core.score", "pk": 37, "fields": {"user": 6, "card": 13, "right_answers": 1, "wrong_answers": 0}}, {"model": "core.score", "pk": 38, "fields": {"user": 6, "card": 23, "right_answers": 0, "wrong_answers": 1}}, {"model": "core.score", "pk": 39, "fields": {"user": 2, "card": 9, "right_answers": 0, "wrong_answers": 2}}, {"model": "core.score", "pk": 40, "fields": {"user": 2, "card": 13, "right_answers": 1, "wrong_answers": 0}}, {"model": "core.score", "pk": 41, "fields": {"user": 2, "card": 8, "right_answers": 1, "wrong_answers": 0}}, {"model": "core.score", "pk": 42, "fields": {"user": 2, "card": 12, "right_answers": 1, "wrong_answers": 0}}, {"model": "core.score", "pk": 43, "fields": {"user": 2, "card": 11, "right_answers": 1, "wrong_answers": 0}}, {"model": "core.score", "pk": 44, "fields": {"user": 2, "card": 7, "right_answers": 0, "wrong_answers": 1}}, {"model": "core.score", "pk": 45, "fields": {"user": 2, "card": 14, "right_answers": 1, "wrong_answers": 1}}, {"model": "core.score", "pk": 46, "fields": {"user": 2, "card": 19, "right_answers": 1, "wrong_answers": 0}}, {"model": "core.score", "pk": 47, "fields": {"user": 2, "card": 10, "right_answers": 0, "wrong_answers": 1}}, {"model": "core.score", "pk": 48, "fields": {"user": 2, "card": 24, "right_answers": 1, "wrong_answers": 0}}, {"model": "core.score", "pk": 49, "fields": {"user": 2, "card": 15, "right_answers": 1, "wrong_answers": 0}}, {"model": "core.score", "pk": 50, "fields": {"user": 2, "card": 18, "right_answers": 1, "wrong_answers": 0}}, {"model": "core.score", "pk": 51, "fields": {"user": 2, "card": 22, "right_answers": 0, "wrong_answers": 1}}, {"model": "core.score", "pk": 52, "fields": {"user": 2, "card": 20, "right_answers": 0, "wrong_answers": 1}}, {"model": "core.score", "pk": 53, "fields": {"user": 2, "card": 17, "right_answers": 1, "wrong_answers": 0}}, {"model": "core.score", "pk": 54, "fields": {"user": 2, "card": 21, "right_answers": 1, "wrong_answers": 0}}]